location_name,mission_id,object_type,object_id,instance_index,layer,x,y,z
Game Land 1-1 - Egg Medal,stgD10,EggmanMedal,57,0,00,0.0,330.0,-1770.0
Game Land 1-2 - Egg Medal,stgB20,EggmanMedal,205,0,00,-3580.0,30.0,-5050.0
Game Land 1-3 - Egg Medal,stgE50,EggmanMedal,295,0,00,0.0,-420.0,-1320.0
Game Land 2-1 - Egg Medal,stgD20,EggmanMedal,70,0,00,0.0,-190.0,-2410.0
Game Land 2-2 - Egg Medal,stgB30,EggmanMedal,128,0,00,4240.0,730.0,-5440.0
Game Land 2-3 - Egg Medal,stgF30,EggmanMedal,104,0,00,550.0,-225.0,-7065.0
Game Land 3-1 - Egg Medal,stgG10,EggmanMedal,95,0,00,-2430.0,-2.0,-6720.0
Game Land 3-2 - Egg Medal,stgG30,EggmanMedal,295,0,00,0.0,250.0,-3900.0
Game Land 3-3 - Egg Medal,stgA10,EggmanMedal,248,0,00,-3870.0,205.0,-4690.0
Game Land 4-1 - Egg Medal,stgD30,EggmanMedal,34,0,00,0.0,210.0,-3490.0
Game Land 4-2 - Egg Medal,stgG20,EggmanMedal,167,0,00,-2020.0,58.1403,-640.0
Game Land 4-3 - Egg Medal,stgC50,EggmanMedal,111,0,00,0.0,1180.0,-540.0
Game Land 5-1 - Egg Medal,stgE30,EggmanMedal,366,0,00,0.0,-400.0,-1980.0
Game Land 5-2 - Egg Medal,stgB10,EggmanMedal,479,0,00,5490.0,-1300.0,-5380.0
Game Land 5-3 - Egg Medal,stgE40,EggmanMedal,4,0,00,0.0,1270.0,-645.0
Game Land 6-1 - Egg Medal,stgG40,EggmanMedal,96,0,00,-4833.0,-170.0,120.0
Game Land 6-2 - Egg Medal,stgC40,EggmanMedal,130,0,00,0.0,160.0,-3020.0
Game Land 6-3 - Egg Medal,stgF40,EggmanMedal,161,0,00,0.0,130.0,-3180.0
Game Land 7-1 - Egg Medal,stgA30,EggmanMedal,57,0,00,0.0,-130.0,-1360.0
Game Land 7-2 - Egg Medal,stgE20,EggmanMedal,84,0,00,0.0,497.0,-40.0
Game Land 7-3 - Egg Medal,stgC10,EggmanMedal,448,0,00,550.0,360.0,-6710.0
